"Income_mean","Age_mean","spending_mean"
21.2068965517241,34.9310344827586,49.1379310344828
41.6739130434783,42.804347826087,50.8478260869565
59.9111111111111,41.6222222222222,49.1333333333333
74.7272727272727,35.2954545454545,50.9545454545455
99.8888888888889,37.8333333333333,50.6388888888889
